{
  "hash": "844e74cc",
  "configHash": "c5d8fc8e",
  "lockfileHash": "e797afa1",
  "browserHash": "1c824f9e",
  "optimized": {
    "@angular/core": {
      "src": "../../../../../node_modules/@angular/core/fesm2022/core.mjs",
      "file": "@angular_core.js",
      "fileHash": "6979156b",
      "needsInterop": false
    },
    "@angular/platform-browser": {
      "src": "../../../../../node_modules/@angular/platform-browser/fesm2022/platform-browser.mjs",
      "file": "@angular_platform-browser.js",
      "fileHash": "0e360d4f",
      "needsInterop": false
    },
    "@angular/router": {
      "src": "../../../../../node_modules/@angular/router/fesm2022/router.mjs",
      "file": "@angular_router.js",
      "fileHash": "ca2723e3",
      "needsInterop": false
    },
    "@angular/common": {
      "src": "../../../../../node_modules/@angular/common/fesm2022/common.mjs",
      "file": "@angular_common.js",
      "fileHash": "8f4beaf0",
      "needsInterop": false
    }
  },
  "chunks": {
    "chunk-X3TDKGMV": {
      "file": "chunk-X3TDKGMV.js"
    },
    "chunk-OCFPVPPS": {
      "file": "chunk-OCFPVPPS.js"
    },
    "chunk-BF4XLKTU": {
      "file": "chunk-BF4XLKTU.js"
    }
  }
}